{
    "pre_tuning": {
        "clip": {
            "precision@1": 1.0,
            "recall@1": 0.027027027027027,
            "precision@5": 1.0,
            "recall@5": 0.13513513513513511,
            "precision@10": 1.0,
            "recall@10": 0.27027027027027023,
            "n_test_samples": 38
        }
    },
    "post_tuning": {
        "clip": {
            "precision@1": 1.0,
            "recall@1": 0.027027027027027,
            "precision@5": 1.0,
            "recall@5": 0.13513513513513511,
            "precision@10": 1.0,
            "recall@10": 0.27027027027027023,
            "n_test_samples": 38
        }
    },
    "training": {
        "clip": {
            "losses": [
                8.045472860336304,
                7.090892195701599,
                3.809264659881592,
                3.7476831674575806,
                3.7340826988220215,
                3.733951210975647,
                3.7274513244628906,
                3.73032546043396,
                3.727359175682068,
                3.729296565055847
            ]
        }
    }
}